{"network": 56.72891859575863, "recv_rate_score": 0.3369459297879314, "delay_score": 0.9995, "loss_rate": 0.0}